model_name,accuracy,weighted_f1_score
Random Forest,0.75418410041841,0.7474771685659857
Gradient Boosting,0.7165271966527197,0.7092656647266062
Extra Trees,0.7076359832635983,0.7004391895879056
Decision Tree,0.6694560669456067,0.6703213362263195
Support Vector Machine,0.6234309623430963,0.598359468811429
Naive Bayes,0.5925732217573222,0.5844036363229247
K-Nearest Neighbours,0.5967573221757322,0.5794658216919013
Logistic Regression,0.5883891213389121,0.5618764568537649
