model_name,accuracy,weighted_f1_score
Extra Trees,0.6817950025497195,0.6638073397182287
Random Forest,0.6802651708312085,0.6619491907406927
Gradient Boosting,0.6440591534931157,0.6184090349766006
Naive Bayes,0.6124426313105559,0.614805894660133
Support Vector Machine,0.644569097399286,0.6139813622088438
Decision Tree,0.6002039775624681,0.6027211418169512
K-Nearest Neighbours,0.5966343702192759,0.5878633545142122
Logistic Regression,0.6287608363080062,0.5781982127025415
