model_name,accuracy,weighted_f1_score
Random Forest,0.647489539748954,0.6241258446950196
Extra Trees,0.6344142259414226,0.6144386008354615
Gradient Boosting,0.6286610878661087,0.601722926715344
Support Vector Machine,0.6244769874476988,0.5836358725419746
Naive Bayes,0.6197698744769874,0.5771632552774295
K-Nearest Neighbours,0.5768828451882845,0.5590778431939095
Decision Tree,0.5486401673640168,0.5532875392161068
Logistic Regression,0.6119246861924686,0.5498511036922858
