model_name,accuracy,weighted_f1_score
Random Forest,0.6098929117797043,0.5698401027590037
Extra Trees,0.6058133605303416,0.5648229081233848
Gradient Boosting,0.6007139214686384,0.5519345689168028
Support Vector Machine,0.6012238653748088,0.5403225715610508
Naive Bayes,0.5604283528811831,0.5372751632775274
K-Nearest Neighbours,0.5313615502294747,0.5009171100108573
Decision Tree,0.4941356450790413,0.49764550309359945
Logistic Regression,0.5690973992860785,0.4920300246937979
