model_name,accuracy,weighted_f1_score
Random Forest,0.6726485148514851,0.6555954121834947
Extra Trees,0.6707920792079208,0.6516097110479753
Gradient Boosting,0.6633663366336634,0.6373175450479142
Naive Bayes,0.620049504950495,0.6314014662097397
Support Vector Machine,0.655940594059406,0.6239861967436741
Decision Tree,0.6107673267326733,0.6093794099373694
K-Nearest Neighbours,0.6188118811881188,0.5918231926325387
Logistic Regression,0.6206683168316832,0.5711551904380721
