model_name,accuracy,weighted_f1_score
Extra Trees,0.6817950025497195,0.6638073397182287
Random Forest,0.6802651708312085,0.6619491907406927
Gradient Boosting,0.6440591534931157,0.6184090349766006
