model_name,accuracy,weighted_f1_score
Random Forest,0.6726485148514851,0.6555954121834947
Extra Trees,0.6707920792079208,0.6516097110479753
Gradient Boosting,0.6633663366336634,0.6373175450479142
