model_name,accuracy,weighted_f1_score
<<<<<<< HEAD
Extra Trees,0.6817950025497195,0.6638073397182287
Random Forest,0.6802651708312085,0.6619491907406927
Gradient Boosting,0.6440591534931157,0.6184090349766006
=======
Random Forest,0.6726485148514851,0.6555954121834947
Extra Trees,0.6707920792079208,0.6516097110479753
Gradient Boosting,0.6633663366336634,0.6373175450479142
>>>>>>> 0610ba8d26c7f4c1b902cf9e99df20c46a72a9bd
