model_name,accuracy,weighted_f1_score
Random Forest,0.75418410041841,0.7474771685659857
Gradient Boosting,0.7165271966527197,0.7092656647266062
Extra Trees,0.7076359832635983,0.7004391895879056
