model_name,accuracy,weighted_f1_score
Random Forest,0.6098929117797043,0.5698401027590037
Extra Trees,0.6058133605303416,0.5648229081233848
Gradient Boosting,0.6007139214686384,0.5519345689168028
