model_name,accuracy,weighted_f1_score
Random Forest,0.647489539748954,0.6241258446950196
Extra Trees,0.6344142259414226,0.6144386008354615
Gradient Boosting,0.6286610878661087,0.601722926715344
